-- Auth
INSERT INTO "auth"."users"("id", "created_at", "updated_at", "last_seen", "disabled", "display_name", "avatar_url", "locale", "email", "phone_number", "password_hash", "email_verified", "phone_number_verified", "new_email", "otp_method_last_used", "otp_hash", "otp_hash_expires_at", "default_role", "is_anonymous", "totp_secret", "active_mfa_type", "ticket", "ticket_expires_at", "metadata") VALUES (E'5a83f60f-ae07-4722-a138-834c9882b6ad', E'2022-07-26T19:13:59.007357+00:00', E'2022-07-26T19:14:29.345147+00:00', E'2022-07-26T19:14:29.337+00:00', false, E'test', E'https://s.gravatar.com/avatar/b642b4217b34b1e8d3bd915fc65c4452?r=g&default=blank', E'en', E'test@test.com', null, E'$2a$10$sDl/qAda5IGOePId1x1x6eGSNOyKLs8LSqL//HVO1rC/Hnenfy2pC', false, false, null, null, null, E'2022-07-26T19:13:59.007357+00:00', E'user', false, null, null, E'verifyEmail:2d9edfb6-8777-4a64-9003-af78d2f1b627', E'2022-08-25T19:13:59.002+00:00', '{}');
INSERT INTO "auth"."user_roles"("id", "created_at", "user_id", "role") VALUES (E'6002d947-5157-44e0-9bae-ee8bfe017055', E'2022-07-27T07:33:19.973847+00:00', E'5a83f60f-ae07-4722-a138-834c9882b6ad', E'user');
INSERT INTO "auth"."user_roles"("id", "created_at", "user_id", "role") VALUES (E'6002d947-5157-44e0-9bae-ee8bfe017056', E'2022-07-27T07:33:19.973847+00:00', E'5a83f60f-ae07-4722-a138-834c9882b6ad', E'me');

-- Task and categories
INSERT INTO "public"."categories"("id", "name", "user_id", "created_at", "update_at", "color") VALUES (E'0d962133-e9a7-471d-97d1-6be986f7803e', E'Category1', E'5a83f60f-ae07-4722-a138-834c9882b6ad', E'2022-07-26T19:16:15.969953+00:00', null, 4294961979);
INSERT INTO "public"."categories"("id", "name", "user_id", "created_at", "update_at", "color") VALUES (E'1a38e7ef-ea3c-4d33-baee-68688cb08b13', E'Category2', E'5a83f60f-ae07-4722-a138-834c9882b6ad', E'2022-07-26T19:16:31.005614+00:00', null, 4294198070);

-- Category 1
-- Task 1
INSERT INTO "public"."tasks"("id", "user_id", "title", "category_id", "completed", "due_datetime", "completed_at", "created_at", "updated_at", "note", "index_value", "category_color")  VALUES (E'220d23f1-fd8c-45c1-955d-29d17947e0b2', E'5a83f60f-ae07-4722-a138-834c9882b6ad', E'Task 1', E'0d962133-e9a7-471d-97d1-6be986f7803e', false, now() + interval '2 hours', null, E'2022-07-28T04:40:07.341215+00:00', null, null, null, 4294961979);
-- Sub Tasks for Task 1
INSERT INTO "public"."sub_tasks"("id", "user_id", "title", "task_id", "due_at", "completed", "completed_at", "created_at", "updated_at", "note", "index_value") VALUES (E'055b3e6f-1d95-427f-ac35-b92d5a69bdac', E'5a83f60f-ae07-4722-a138-834c9882b6ad', E'Sub Task 1', E'220d23f1-fd8c-45c1-955d-29d17947e0b2', E'04:48:13.00809', false, null, E'2022-07-28T04:48:13.00809+00:00', null, null, null);
INSERT INTO "public"."sub_tasks"("id", "user_id", "title", "task_id", "due_at", "completed", "completed_at", "created_at", "updated_at", "note", "index_value") VALUES (E'100d0bf3-3b79-4f1a-9129-e144f0925cd7', E'5a83f60f-ae07-4722-a138-834c9882b6ad', E'Sub Task 2', E'220d23f1-fd8c-45c1-955d-29d17947e0b2', E'05:08:0.00809', false, null, E'2022-07-28T04:48:13.00809+00:00', null, null, null);
INSERT INTO "public"."sub_tasks"("id", "user_id", "title", "task_id", "due_at", "completed", "completed_at", "created_at", "updated_at", "note", "index_value") VALUES (E'8df5ac6c-cc78-4c55-87cf-70ae79a5f7fe', E'5a83f60f-ae07-4722-a138-834c9882b6ad', E'Sub Task 3', E'220d23f1-fd8c-45c1-955d-29d17947e0b2', E'14:20:13.00809', false, null, E'2022-07-28T04:48:13.00809+00:00', null, null, null);
INSERT INTO "public"."sub_tasks"("id", "user_id", "title", "task_id", "due_at", "completed", "completed_at", "created_at", "updated_at", "note", "index_value") VALUES (E'a861a6f5-fcfe-486f-922f-650cf5cc8538', E'5a83f60f-ae07-4722-a138-834c9882b6ad', E'Sub Task 4', E'220d23f1-fd8c-45c1-955d-29d17947e0b2', E'20:04:13.00809', false, null, E'2022-07-28T04:48:13.00809+00:00', null, null, null);
-- Task 2 , 3
INSERT INTO "public"."tasks"("id", "user_id", "title", "category_id", "completed", "due_datetime", "completed_at", "created_at", "updated_at", "note", "index_value", "category_color") VALUES (E'e4c2acf9-a52d-4bb1-a3e8-7a6f7e91e129', E'5a83f60f-ae07-4722-a138-834c9882b6ad', E'Task 2', E'0d962133-e9a7-471d-97d1-6be986f7803e', false, now() + interval '4 hours', null, E'2022-07-28T04:40:07.341215+00:00', null, null, null, 4294961979);
INSERT INTO "public"."tasks"("id", "user_id", "title", "category_id", "completed", "due_datetime", "completed_at", "created_at", "updated_at", "note", "index_value", "category_color") VALUES (E'083218e6-ae5c-4005-b2b9-65d2a0a10004', E'5a83f60f-ae07-4722-a138-834c9882b6ad', E'Task 3', E'0d962133-e9a7-471d-97d1-6be986f7803e', false, now() - interval '4 hours', null, E'2022-07-28T04:40:07.341215+00:00', null, null, null, 4294961979);

-- Category 2
-- Task 1
INSERT INTO "public"."tasks"("id", "user_id", "title", "category_id", "completed", "due_datetime", "completed_at", "created_at", "updated_at", "note", "index_value", "category_color") VALUES (E'94c90ead-fed4-4324-8723-d08c8eda6c08', E'5a83f60f-ae07-4722-a138-834c9882b6ad', E'Task 1', E'1a38e7ef-ea3c-4d33-baee-68688cb08b13', false, now() - interval '5 hours', null, E'2022-07-28T04:45:25.261619+00:00', null, null, null, 4294198070);
-- Task 2
INSERT INTO "public"."tasks"("id", "user_id", "title", "category_id", "completed", "due_datetime", "completed_at", "created_at", "updated_at", "note", "index_value", "category_color") VALUES (E'18a8d768-7455-45d1-b960-fc0101fef8ae', E'5a83f60f-ae07-4722-a138-834c9882b6ad', E'Task 2', E'1a38e7ef-ea3c-4d33-baee-68688cb08b13', false, now() + interval '4 hours', null, E'2022-07-28T04:45:25.261619+00:00', null, null, null, 4294198070);
-- Sub Tasks for Task 1
INSERT INTO "public"."sub_tasks"("id", "user_id", "title", "task_id", "due_at", "completed", "completed_at", "created_at", "updated_at", "note", "index_value") VALUES (E'072c876c-6265-4e88-83e8-6d34230f8962', E'5a83f60f-ae07-4722-a138-834c9882b6ad', E'Sub Task 1', E'18a8d768-7455-45d1-b960-fc0101fef8ae', E'04:48:13.00809', false, null, E'2022-07-28T04:48:13.00809+00:00', null, null, null);
INSERT INTO "public"."sub_tasks"("id", "user_id", "title", "task_id", "due_at", "completed", "completed_at", "created_at", "updated_at", "note", "index_value") VALUES (E'14afab7d-49f0-48b9-92a8-65b614c2230f', E'5a83f60f-ae07-4722-a138-834c9882b6ad', E'Sub Task 2', E'18a8d768-7455-45d1-b960-fc0101fef8ae', E'14:38:33.00809', false, null, E'2022-07-28T04:48:13.00809+00:00', null, null, null);
INSERT INTO "public"."sub_tasks"("id", "user_id", "title", "task_id", "due_at", "completed", "completed_at", "created_at", "updated_at", "note", "index_value") VALUES (E'175a6267-088a-4e2d-9877-86f16baabb1e', E'5a83f60f-ae07-4722-a138-834c9882b6ad', E'Sub Task 3', E'18a8d768-7455-45d1-b960-fc0101fef8ae', E'20:20:33.00809', false, null, E'2022-07-28T04:48:13.00809+00:00', null, null, null);
